lineage	coordinate_NC_000962.3	gene_coordinate	allele_change	codon_number	codon_change	amino_acid_change	locus_Id	gene_name	mutation_type	essential	diagnostic_snp
lineage1	137233	945	C/T	315	GCC/GCT	A/A	Rv0112	gca	syn	essential	yes
lineage1	485230	1254	C/T	418	CAC/CAT	H/H	Rv0404	fadD30	syn	essential	yes
lineage1	615938	1104	G/A	368	GAG/GAA	E/E	Rv0524	hemL	syn	essential	yes
lineage1	649345	810	C/T	270	GCC/GCT	A/A	Rv0557	mgtA	syn	essential	yes
lineage1	811492	120	C/G	40	GTC/GTG	V/V	Rv0714	rplN	syn	essential	yes
lineage1	865761	1176	C/T	392	CAC/CAT	H/H	Rv0772	purD	syn	essential	yes
lineage1	1119739	201	C/T	67	CTG/CTA	L/L	Rv1002c	.	syn	essential	yes
lineage1	1320508	474	G/A	158	GTG/GTA	V/V	Rv1182	papA3	syn	essential	yes
lineage1	1590555	159	C/T	53	ACC/ACT	T/T	Rv1415	ribA2	syn	essential	yes
lineage1	2696977	738	G/C	246	GCC/GCG	A/A	Rv2400c	subI	syn	essential	yes
lineage1	3274545	474	G/A	158	CTG/CTA	L/L	Rv2938	drrC	syn	essential	yes
lineage1	3424462	966	C/T	322	CTG/CTA	L/L	Rv3061c	fadE22	syn	essential	yes
lineage1	3913737	798	G/A	266	GCC/GCT	A/A	Rv3495c	lprN	syn	essential	yes
lineage1	3920109	753	G/T	251	ATC/ATA	I/I	Rv3501c	yrbE4A	syn	essential	yes
lineage1	3984926	520	G/A	174	CTG/TTG	L/L	Rv3545c	cyp125	syn	essential	yes
lineage1.1	2989683	393	C/T	131	GCC/GCT	A/A	Rv2673	aftC	syn	essential	yes
lineage1.1	4054364	333	C/T	111	CTG/CTA	L/L	Rv3614c	espD	syn	essential	yes
lineage1.1	4404247	1056	G/A	352	CTG/CTA	L/L	Rv3915	.	syn	essential	yes
lineage1.1.1	1261056	291	C/T	97	GGG/GGA	G/G	Rv1133c	metE	syn	essential	yes
lineage1.1.1	1924765	937	T/C	313	TTA/CTA	L/L	Rv1699	pyrG	syn	essential	yes
lineage1.1.1	2078024	2148	G/A	716	CCG/CCA	P/P	Rv1832	gcvB	syn	essential	yes
lineage1.1.1	3021283	711	G/A	237	CGG/CGA	R/R	Rv2707	.	syn	essential	yes
lineage1.1.1.1	259689	777	G/A	259	GCG/GCA	A/A	Rv0216	.	syn	essential	yes
lineage1.1.1.1	647833	1536	T/G	512	TCT/TCG	S/S	Rv0555	menD	syn	essential	yes
lineage1.1.1.1	896629	810	C/T	270	TAC/TAT	Y/Y	Rv0803	purL	syn	essential	yes
lineage1.1.1.1	1337545	969	A/G	323	GCT/GCC	A/A	Rv1194c	.	syn	essential	yes
lineage1.1.1.1	1750465	2772	T/C	924	CTT/CTC	L/L	Rv1547	dnaE1	syn	essential	yes
lineage1.1.1.1	1883443	1740	C/T	580	GCC/GCT	A/A	Rv1662	pks8	syn	essential	yes
lineage1.1.1.1	2073614	534	C/T	178	TAC/TAT	Y/Y	Rv1828	.	syn	essential	yes
lineage1.1.1.1	2412584	768	G/A	256	GCC/GCT	A/A	Rv2153c	murG	syn	essential	yes
lineage1.1.1.1	2694026	939	C/T	313	CTG/CTA	L/L	Rv2397c	cysA1	syn	essential	yes
lineage1.1.1.1	3022811	351	G/A	117	CAG/CAA	Q/Q	Rv2710	sigB	syn	essential	yes
lineage1.1.1.1	3216553	339	G/A	113	GTC/GTT	V/V	Rv2907c	rimM	syn	essential	yes
lineage1.1.1.1	3722271	330	C/T	110	CTG/CTA	L/L	Rv3335c	.	syn	essential	yes
lineage1.1.1.1	4102929	750	G/A	250	ACC/ACT	T/T	Rv3663c	dppD	syn	essential	yes
lineage1.1.1.1	4106239	846	G/A	282	GAC/GAT	D/D	Rv3666c	dppA	syn	essential	yes
lineage1.1.2	6124	885	C/T	295	GCC/GCT	A/A	Rv0005	gyrB	syn	essential	yes
lineage1.1.2	199859	1326	C/A	442	GTC/GTA	V/V	Rv0169	mce1A	syn	essential	yes
lineage1.1.2	1831531	867	G/A	289	CTG/CTA	L/L	Rv1629	polA	syn	essential	yes
lineage1.1.2	2622402	51	G/A	17	GCC/GCT	A/A	Rv2343c	dnaG	syn	essential	yes
lineage1.1.2	2789661	1362	C/A	454	CCG/CCT	P/P	Rv2483c	plsC	syn	essential	yes
lineage1.1.2	4157259	279	G/A	93	GTG/GTA	V/V	Rv3712	.	syn	essential	yes
lineage1.1.3	1491275	1038	G/A	346	CAC/CAT	H/H	Rv1326c	glgB	syn	essential	yes
lineage1.2.1	1136017	465	A/G	155	GGT/GGC	G/G	Rv1017c	prsA	syn	essential	yes
lineage1.2.1	3479545	375	C/A	125	GCC/GCA	A/A	Rv3111	moaC1	syn	essential	yes
lineage1.2.1	4049254	727	G/A	243	CTG/TTG	L/L	Rv3608c	folP1	syn	essential	yes
lineage1.2.2	617729	237	G/A	79	GGG/GGA	G/G	Rv0527	ccdA	syn	essential	yes
lineage1.2.2	3052353	837	G/A	279	GCC/GCT	A/A	Rv2739c	.	syn	essential	yes
lineage1.2.2	3470377	303	C/T	101	CAG/CAA	Q/Q	Rv3101c	ftsX	syn	essential	yes
lineage1.2.2	4238120	189	G/A	63	CAG/CAA	Q/Q	Rv3792	aftA	syn	essential	yes
lineage2	497491	810	G/A	270	GAC/GAT	D/D	Rv0411c	glnH	syn	essential	yes
lineage2	811753	12	C/T	4	CAC/CAT	H/H	Rv0715	rplX	syn	essential	yes
lineage2	1834177	636	A/C	212	CGA/CGC	R/R	Rv1630	rpsA	syn	essential	yes
lineage2	2543395	882	T/C	294	GAA/GAG	E/E	Rv2268c	cyp128	syn	essential	yes
lineage2	2789798	1225	G/T	409	CGG/AGG	R/R	Rv2483c	plsC	syn	essential	yes
lineage2	4254431	1518	G/A	506	GAC/GAT	D/D	Rv3799c	accD4	syn	essential	yes
lineage2.1	648465	507	A/G	169	GCA/GCG	A/A	Rv0556	.	syn	essential	yes
lineage2.1	1135798	684	C/T	228	CTG/CTA	L/L	Rv1017c	prsA	syn	essential	yes
lineage2.1	1220034	153	C/T	51	GAG/GAA	E/E	Rv1092c	coaA	syn	essential	yes
lineage2.1	1878222	2919	G/C	973	CTG/CTC	L/L	Rv1661	pks7	syn	essential	yes
lineage2.1	1881090	5787	C/T	1929	GGC/GGT	G/G	Rv1661	pks7	syn	essential	yes
lineage2.1	3537016	915	G/A	305	GTG/GTA	V/V	Rv3168	.	syn	essential	yes
lineage2.1	4004893	603	G/A	201	GGG/GGA	G/G	Rv3563	fadE32	syn	essential	yes
lineage2.1	4074482	849	C/T	283	CCC/CCT	P/P	Rv3635	.	syn	essential	yes
lineage2.1	4090667	1887	G/A	629	TTG/TTA	L/L	Rv3649	.	syn	essential	yes
lineage2.1	4165481	1251	G/C	417	CCC/CCG	P/P	Rv3721c	dnaZX	syn	essential	yes
lineage2.1	4246088	2856	A/G	952	CAA/CAG	Q/Q	Rv3794	embA	syn	essential	yes
lineage2.1	4345707	669	C/T	223	GCC/GCT	A/A	Rv3869	eccB1	syn	essential	yes
lineage2.2	1849051	2985	C/T	995	CCG/CCA	P/P	Rv1640c	lysX	syn	essential	yes
lineage2.2	2505085	615	G/A	205	GCC/GCT	A/A	Rv2231c	cobC	syn	essential	yes
lineage2.2	2775361	90	C/T	30	CGC/CGT	R/R	Rv2472	.	syn	essential	yes
lineage2.2	3477942	294	A/G	98	ACA/ACG	T/T	Rv3109	moaA1	syn	essential	yes
lineage2.2	3587446	94	G/A	32	CTG/TTG	L/L	Rv3210c	.	syn	essential	yes
lineage2.2.1	797736	804	C/T	268	CTC/CTT	L/L	Rv0697	.	syn	essential	yes
lineage2.2.1	3498198	1068	C/T	356	GAG/GAA	E/E	Rv3132c	devS	syn	essential	yes
lineage2.2.1.1	4248115	1602	C/T	534	GAC/GAT	D/D	Rv3795	embB	syn	essential	yes
lineage2.2.1.2	3836274	618	G/A	206	TTC/TTT	F/F	Rv3417c	groEL1	syn	essential	yes
lineage2.2.2	15890	1581	G/A	527	AGC/AGT	S/S	Rv0014c	pknB	syn	essential	yes
lineage2.2.2	154990	759	G/T	253	CGG/CGT	R/R	Rv0127	mak	syn	essential	yes
lineage2.2.2	346693	1059	G/T	353	TCG/TCT	S/S	Rv0284	eccC3	syn	essential	yes
lineage2.2.2	449194	192	G/A	64	GGC/GGT	G/G	Rv0372c	.	syn	essential	yes
lineage2.2.2	1565566	126	C/T	42	CCC/CCT	P/P	Rv1391	dfp	syn	essential	yes
lineage2.2.2	2640807	258	G/A	86	GTC/GTT	V/V	Rv2357c	glyS	syn	essential	yes
lineage3	301341	315	C/A	105	CCG/CCT	P/P	Rv0249c	.	syn	essential	yes
lineage3	342873	744	C/T	248	GTC/GTT	V/V	Rv0282	eccA3	syn	essential	yes
lineage3	652950	180	T/C	60	CGT/CGC	R/R	Rv0562	grcC1	syn	essential	yes
lineage3	1812448	90	C/T	30	TAC/TAT	Y/Y	Rv1613	trpA	syn	essential	yes
lineage3	2782498	1545	G/A	515	GAC/GAT	D/D	Rv2477c	.	syn	essential	yes
lineage3	2941179	18	G/A	6	CGC/CGT	R/R	Rv2613c	.	syn	essential	yes
lineage3	3165807	603	G/A	201	GTG/GTA	V/V	Rv2855	mtr	syn	essential	yes
lineage3	3273107	894	C/A	298	GCC/GCA	A/A	Rv2936	drrA	syn	essential	yes
lineage3	3918649	552	T/C	184	GGA/GGG	G/G	Rv3499c	mce4A	syn	essential	yes
lineage3.1.1	1084911	840	G/A	280	TAC/TAT	Y/Y	Rv0973c	accA2	syn	essential	yes
lineage3.1.1	1591545	1149	G/T	383	CCG/CCT	P/P	Rv1415	ribA2	syn	essential	yes
lineage3.1.1	1653374	144	G/C	48	GGG/GGC	G/G	Rv1466	.	syn	essential	yes
lineage3.1.2	1914217	616	C/A	206	CGG/AGG	R/R	Rv1689	tyrS	syn	essential	yes
lineage3.1.2	3722702	930	G/C	310	CTC/CTG	L/L	Rv3336c	trpS	syn	essential	yes
lineage3.1.2.1	1132890	1266	C/T	422	GGC/GGT	G/G	Rv1013	pks16	syn	essential	yes
lineage3.1.2.1	1237818	375	C/G	125	CTG/CTC	L/L	Rv1111c	.	syn	essential	yes
lineage3.1.2.2	44689	1128	C/T	376	GGC/GGT	G/G	Rv0041	leuS	syn	essential	yes
lineage3.1.2.2	343092	963	C/T	321	TTC/TTT	F/F	Rv0282	eccA3	syn	essential	yes
lineage3.1.2.2	346898	1264	C/T	422	CTG/TTG	L/L	Rv0284	eccC3	syn	essential	yes
lineage3.1.2.2	1862121	2364	C/T	788	CAC/CAT	H/H	Rv1650	pheT	syn	essential	yes
lineage3.1.2.2	1887720	1209	C/T	403	GCC/GCT	A/A	Rv1663	pks17	syn	essential	yes
lineage3.1.2.2	1942808	150	C/T	50	GCC/GCT	A/A	Rv1715	fadB3	syn	essential	yes
lineage3.1.2.2	1956700	546	C/T	182	GTG/GTA	V/V	Rv1730c	.	syn	essential	yes
lineage3.1.2.2	2415042	1353	G/T	451	CCC/CCA	P/P	Rv2155c	murD	syn	essential	yes
lineage3.1.2.2	2874344	2142	G/A	714	CGC/CGT	R/R	Rv2555c	alaS	syn	essential	yes
lineage3.1.2.2	3013911	237	C/T	79	CCG/CCA	P/P	Rv2697c	dut	syn	essential	yes
lineage3.1.2.2	3119018	795	C/G	265	GCC/GCG	A/A	Rv2813	.	syn	essential	yes
lineage3.1.2.2	3360521	66	G/A	22	TAC/TAT	Y/Y	Rv3001c	ilvC	syn	essential	yes
lineage3.1.2.2	3629291	357	A/G	119	GGT/GGC	G/G	Rv3248c	sahH	syn	essential	yes
lineage3.1.2.2	3903683	606	C/G	202	GCC/GCG	A/A	Rv3484	cpsA	syn	essential	yes
lineage3.1.2.2	4016543	60	C/A	20	CGC/CGA	R/R	Rv3574	kstR	syn	essential	yes
lineage3.1.2.2	4406399	93	C/T	31	CCG/CCA	P/P	Rv3917c	parB	syn	essential	yes
lineage4	325505	939	T/C	313	GTT/GTC	V/V	Rv0270	fadD2	syn	nonessential	yes
lineage4	599868	2670	A/G	890	CGA/CGG	R/R	Rv0507	mmpL2	syn	nonessential	yes
lineage4	931123	171	T/C	57	TAT/TAC	Y/Y	Rv0835	lpqQ	syn	nonessential	yes
lineage4.1	62657	2262	G/A	754	CCG/CCA	P/P	Rv0058	dnaB	syn	essential	yes
lineage4.1.1	514245	1077	C/T	359	GTG/GTA	V/V	Rv0425c	ctpH	syn	essential	yes
lineage4.1.1	1553633	402	T/C	134	GGT/GGC	G/G	Rv1380	pyrB	syn	essential	yes
lineage4.1.1.1	201123	192	A/C	64	GGA/GGC	G/G	Rv0171	mce1C	syn	essential	yes
lineage4.1.1.1	1719679	954	T/C	318	CAT/CAC	H/H	Rv1524	.	syn	essential	yes
lineage4.1.1.1	1850119	1917	C/T	639	ACG/ACA	T/T	Rv1640c	lysX	syn	essential	yes
lineage4.1.1.1	2369664	66	C/T	22	AAG/AAA	K/K	Rv2109c	prcA	syn	essential	yes
lineage4.1.1.1	3909681	1446	C/T	482	CGC/CGT	R/R	Rv3490	otsA	syn	essential	yes
lineage4.1.1.1	4240897	1035	C/G	345	CGC/CGG	R/R	Rv3793	embC	syn	essential	yes
lineage4.1.1.1	4340350	81	C/A	27	CCC/CCA	P/P	Rv3864	espE	syn	essential	yes
lineage4.1.1.2	495104	2211	C/T	737	CTG/CTA	L/L	Rv0410c	pknG	syn	essential	yes
lineage4.1.1.2	541048	444	T/G	148	TCA/TCC	S/S	Rv0450c	mmpL4	syn	essential	yes
lineage4.1.1.2	738135	15	T/C	5	TCA/TCG	S/S	Rv0643c	mmaA3	syn	essential	yes
lineage4.1.1.2	2352142	888	C/T	296	CCG/CCA	P/P	Rv2093c	tatC	syn	essential	yes
lineage4.1.1.2	3138138	1044	C/A	348	GTG/GTT	V/V	Rv2832c	ugpC	syn	essential	yes
lineage4.1.1.2	3368566	228	G/T	76	GCC/GCA	A/A	Rv3009c	gatB	syn	essential	yes
lineage4.1.1.2	3626305	309	G/A	103	AGC/AGT	S/S	Rv3245c	mtrB	syn	essential	yes
lineage4.1.1.3	155293	1062	G/A	354	CCG/CCA	P/P	Rv0127	mak	syn	essential	yes
lineage4.1.1.3	896356	537	C/T	179	ACC/ACT	T/T	Rv0803	purL	syn	essential	yes
lineage4.1.1.3	1884697	2994	G/A	998	GGG/GGA	G/G	Rv1662	pks8	syn	essential	yes
lineage4.1.1.3	2460628	951	C/A	317	GCC/GCA	A/A	Rv2196	qcrB	syn	essential	yes
lineage4.1.1.3	3219790	72	G/A	24	ATC/ATT	I/I	Rv2912c	.	syn	essential	yes
lineage4.1.1.3	4154051	312	G/A	104	CGG/CGA	R/R	Rv3710	leuA	syn	essential	yes
lineage4.1.1.3	4229087	741	C/T	247	AAC/AAT	N/N	Rv3782	glfT1	syn	essential	yes
lineage4.1.2	891756	514	A/G	172	TTG/CTG	L/L	Rv0798c	cfp29	syn	essential	yes
lineage4.1.2.1	107794	195	C/T	65	GCC/GCT	A/A	Rv0098	fcoT	syn	essential	yes
lineage4.1.2.1	981670	885	C/T	295	CGG/CGA	R/R	Rv0884c	serC	syn	essential	yes
lineage4.2	1466779	939	C/T	313	ATC/ATT	I/I	Rv1310	atpD	syn	essential	yes
lineage4.2	1719823	1098	A/G	366	AAA/AAG	K/K	Rv1524	.	syn	essential	yes
lineage4.2	1849381	2655	G/A	885	ATC/ATT	I/I	Rv1640c	lysX	syn	essential	yes
lineage4.2	1860528	771	T/C	257	TGT/TGC	C/C	Rv1650	pheT	syn	essential	yes
lineage4.2	2411730	393	G/C	131	TCC/TCG	S/S	Rv2152c	murC	syn	essential	yes
lineage4.2	2441970	348	G/A	116	TTC/TTT	F/F	Rv2179c	.	syn	essential	yes
lineage4.2	2942377	891	G/A	297	GGC/GGT	G/G	Rv2614c	thrS	syn	essential	yes
lineage4.2	4073918	285	G/A	95	CTG/CTA	L/L	Rv3635	.	syn	essential	yes
lineage4.2.1	783601	1117	A/C	373	AGG/CGG	R/R	Rv0684	fusA1	syn	essential	yes
lineage4.2.2	74956	243	T/C	81	AAA/AAG	K/K	Rv0067c	.	syn	nonessential	yes
lineage4.2.2	576077	730	C/T	244	CTG/TTG	L/L	Rv0486	mshA	syn	nonessential	yes
lineage4.2.2	1487796	636	C/A	212	ATC/ATA	I/I	Rv1324	.	syn	nonessential	yes
lineage4.2.2.1	1131	1131	C/A	377	ATC/ATA	I/I	Rv0001	dnaA	syn	essential	yes
lineage4.2.2.1	1455780	286	T/C	96	TTG/CTG	L/L	Rv1299	prfA	syn	essential	yes
lineage4.3	764995	1626	C/G	542	GCC/GCG	A/A	Rv0668	rpoC	syn	essential	yes
lineage4.3.1	502262	96	C/T	32	ATC/ATT	I/I	Rv0416	thiS	syn	essential	yes
lineage4.3.1	615614	780	C/A	260	GCC/GCA	A/A	Rv0524	hemL	syn	essential	yes
lineage4.3.1	825585	786	T/C	262	TAT/TAC	Y/Y	Rv0732	secY	syn	essential	yes
lineage4.3.1	1137773	288	C/T	96	GGG/GGA	G/G	Rv1018c	glmU	syn	essential	yes
lineage4.3.1	1421109	1197	A/G	399	TTT/TTC	F/F	Rv1272c	.	syn	essential	yes
lineage4.3.1	1427896	483	T/G	161	GGT/GGG	G/G	Rv1278	.	syn	essential	yes
lineage4.3.1	3629572	76	G/A	26	CTG/TTG	L/L	Rv3248c	sahH	syn	essential	yes
lineage4.3.1	3860288	1083	C/T	361	TCG/TCA	S/S	Rv3441c	mrsA	syn	essential	yes
lineage4.3.2	4316114	483	G/A	161	GCC/GCT	A/A	Rv3843c	.	syn	nonessential	yes
lineage4.3.2.1	7222	1983	C/T	661	AGC/AGT	S/S	Rv0005	gyrB	syn	essential	yes
lineage4.3.2.1	784581	2097	G/C	699	ACG/ACC	T/T	Rv0684	fusA1	syn	essential	yes
lineage4.3.2.1	1055672	1014	C/A	338	CTG/CTT	L/L	Rv0946c	pgi	syn	essential	yes
lineage4.3.2.1	1592015	345	C/T	115	GGC/GGT	G/G	Rv1416	ribH	syn	essential	yes
lineage4.3.2.1	2844689	4644	G/C	1548	CTC/CTG	L/L	Rv2524c	fas	syn	essential	yes
lineage4.3.2.1	2871911	105	G/A	35	GAC/GAT	D/D	Rv2552c	aroE	syn	essential	yes
lineage4.3.2.1	3388166	705	C/G	235	ACG/ACC	T/T	Rv3029c	fixA	syn	essential	yes
lineage4.3.3	403364	2478	G/A	826	CCC/CCT	P/P	Rv0338c	.	syn	essential	yes
lineage4.3.3	1390527	2526	C/G	842	TCG/TCC	S/S	Rv1248c	.	syn	essential	yes
lineage4.3.3	2077253	1377	G/A	459	ACG/ACA	T/T	Rv1832	gcvB	syn	essential	yes
lineage4.3.4	1297327	1176	G/A	392	GTG/GTA	V/V	Rv1166	lpqW	syn	essential	yes
lineage4.3.4	3977226	165	G/A	55	TTG/TTA	L/L	Rv3538	.	syn	essential	yes
lineage4.3.4	4042761	180	G/A	60	GAC/GAT	D/D	Rv3598c	lysS	syn	essential	yes
lineage4.3.4.1	4398141	1545	G/A	515	TCG/TCA	S/S	Rv3910	.	syn	essential	yes
lineage4.3.4.2	784440	1956	G/T	652	GCG/GCT	A/A	Rv0684	fusA1	syn	essential	yes
lineage4.3.4.2	1132368	744	C/T	248	ACC/ACT	T/T	Rv1013	pks16	syn	essential	yes
lineage4.3.4.2.1	1502120	522	C/A	174	ACC/ACA	T/T	Rv1333	.	syn	essential	yes
lineage4.4	1392921	132	G/A	44	CCC/CCT	P/P	Rv1248c	.	syn	essential	yes
lineage4.4	4307886	1029	G/A	343	CGC/CGT	R/R	Rv3834c	serS	syn	essential	yes
lineage4.4.1	2905505	588	G/A	196	ACC/ACT	T/T	Rv2580c	hisS	syn	essential	yes
lineage4.4.1	3664135	447	G/A	149	CGG/CGA	R/R	Rv3281	accE5	syn	essential	yes
lineage4.4.1	3813473	606	G/A	202	CTC/CTT	L/L	Rv3396c	guaA	syn	essential	yes
lineage4.4.1	4151558	660	G/A	220	GGC/GGT	G/G	Rv3708c	asd	syn	essential	yes
lineage4.4.1.1	355181	684	G/A	228	AAG/AAA	K/K	Rv0291	mycP3	syn	essential	yes
lineage4.4.1.1	874640	408	C/T	136	AAC/AAT	N/N	Rv0781	ptrBa	syn	essential	yes
lineage4.4.1.1	1146421	564	C/T	188	ACC/ACT	T/T	Rv1024	.	syn	essential	yes
lineage4.4.1.1	1321210	1176	C/T	392	GGC/GGT	G/G	Rv1182	papA3	syn	essential	yes
lineage4.4.1.1	2671091	513	G/T	171	ACC/ACA	T/T	Rv2382c	mbtC	syn	essential	yes
lineage4.4.1.1	3349564	714	A/C	238	GCT/GCG	A/A	Rv2992c	gltS	syn	essential	yes
lineage4.4.1.1	4035305	954	T/C	318	CGT/CGC	R/R	Rv3593	lpqF	syn	essential	yes
lineage4.4.1.1	4151996	222	C/T	74	TCG/TCA	S/S	Rv3708c	asd	syn	essential	yes
lineage4.4.1.1	4343679	366	C/T	122	GCC/GCT	A/A	Rv3868	eccA1	syn	essential	yes
lineage4.4.1.2	342201	72	C/G	24	CCC/CCG	P/P	Rv0282	eccA3	syn	essential	yes
lineage4.4.1.2	345697	63	C/T	21	ACC/ACT	T/T	Rv0284	eccC3	syn	essential	yes
lineage4.4.1.2	1297981	1830	G/C	610	GTG/GTC	V/V	Rv1166	lpqW	syn	essential	yes
lineage4.4.1.2	1494231	195	G/A	65	CTC/CTT	L/L	Rv1327c	glgE	syn	essential	yes
lineage4.4.1.2	1803959	666	G/T	222	GGG/GGT	G/G	Rv1603	hisA	syn	essential	yes
lineage4.4.1.2	1808124	222	A/C	74	CCA/CCC	P/P	Rv1609	trpE	syn	essential	yes
lineage4.4.1.2	2410938	1185	A/T	395	GCT/GCA	A/A	Rv2152c	murC	syn	essential	yes
lineage4.4.1.2	2694560	405	G/C	135	CTC/CTG	L/L	Rv2397c	cysA1	syn	essential	yes
lineage4.4.1.2	3216607	285	G/A	95	CCC/CCT	P/P	Rv2907c	rimM	syn	essential	yes
lineage4.4.1.2	3349093	1185	G/C	395	CCC/CCG	P/P	Rv2992c	gltS	syn	essential	yes
lineage4.4.1.2	4249012	2499	G/A	833	CTG/CTA	L/L	Rv3795	embB	syn	essential	yes
lineage4.4.1.2	4392120	954	G/A	318	CAC/CAT	H/H	Rv3907c	pcnA	syn	essential	yes
lineage4.4.2	45073	1512	G/A	504	GAG/GAA	E/E	Rv0041	leuS	syn	essential	yes
lineage4.4.2	109043	888	G/A	296	TCG/TCA	S/S	Rv0099	fadD10	syn	essential	yes
lineage4.4.2	500530	489	G/A	163	GCC/GCT	A/A	Rv0414c	thiE	syn	essential	yes
lineage4.4.2	1644855	1284	C/T	428	CTG/CTA	L/L	Rv1459c	.	syn	essential	yes
lineage4.4.2	2436247	339	C/T	113	ACC/ACT	T/T	Rv2174	mptA	syn	essential	yes
lineage4.4.2	3393033	222	C/T	74	CCC/CCT	P/P	Rv3032A	.	syn	essential	yes
lineage4.4.2	3990402	507	G/A	169	TTG/TTA	L/L	Rv3551	.	syn	essential	yes
lineage4.4.2	4161581	534	C/T	178	GAC/GAT	D/D	Rv3717	.	syn	essential	yes
lineage4.4.2	4246508	3276	G/A	1092	GCG/GCA	A/A	Rv3794	embA	syn	essential	yes
lineage4.4.2	4268928	906	G/A	302	GGC/GGT	G/G	Rv3806c	ubiA	syn	essential	yes
lineage4.4.2	4269375	459	C/T	153	GTG/GTA	V/V	Rv3806c	ubiA	syn	essential	yes
lineage4.5	620029	139	C/T	47	CTG/TTG	L/L	Rv0529	ccsA	syn	essential	yes
lineage4.5	1645599	540	C/T	180	GCG/GCA	A/A	Rv1459c	.	syn	essential	yes
lineage4.5	1719757	1032	G/T	344	CCG/CCT	P/P	Rv1524	.	syn	essential	yes
lineage4.5	2597696	162	C/T	54	CCG/CCA	P/P	Rv2325c	.	syn	essential	yes
lineage4.5	2790578	445	G/A	149	CTG/TTG	L/L	Rv2483c	plsC	syn	essential	yes
lineage4.5	4016840	357	G/A	119	GTG/GTA	V/V	Rv3574	kstR	syn	essential	yes
lineage4.5	4152890	594	G/A	198	TTC/TTT	F/F	Rv3709c	ask	syn	essential	yes
lineage4.5	4254632	1317	G/A	439	GAC/GAT	D/D	Rv3799c	accD4	syn	essential	yes
lineage4.6	54304	642	C/T	214	CTC/CTT	L/L	Rv0050	ponA1	syn	nonessential	yes
lineage4.6	3170460	264	C/T	88	GTG/GTA	V/V	Rv2858c	aldC	syn	nonessential	yes
lineage4.6	3466426	666	G/A	222	GTC/GTT	V/V	Rv3097c	lipY	syn	nonessential	yes
lineage4.6.1	435708	1062	G/A	354	ACC/ACT	T/T	Rv0357c	purA	syn	essential	yes
lineage4.6.1	2440953	768	G/T	256	CGC/CGA	R/R	Rv2178c	aroG	syn	essential	yes
lineage4.6.1	4155050	1311	G/A	437	GTG/GTA	V/V	Rv3710	leuA	syn	essential	yes
lineage4.6.1	4260268	879	G/C	293	GCC/GCG	A/A	Rv3800c	pks13	syn	essential	yes
lineage4.6.1.1	874787	555	G/A	185	CCG/CCA	P/P	Rv0781	ptrBa	syn	essential	yes
lineage4.6.1.1	996871	348	G/A	116	TTG/TTA	L/L	Rv0894	.	syn	essential	yes
lineage4.6.1.1	1439332	426	C/T	142	GTC/GTT	V/V	Rv1286	cysN	syn	essential	yes
lineage4.6.1.1	1597696	816	G/A	272	GAG/GAA	E/E	Rv1422	.	syn	essential	yes
lineage4.6.1.1	1955910	1336	T/G	446	AGG/CGG	R/R	Rv1730c	.	syn	essential	yes
lineage4.6.1.1	4052608	276	G/A	92	TTC/TTT	F/F	Rv3610c	ftsH	syn	essential	yes
lineage4.6.1.1	4406749	783	G/A	261	CTC/CTT	L/L	Rv3918c	parA	syn	essential	yes
lineage4.6.1.2	1098698	1191	C/G	397	GGC/GGG	G/G	Rv0982	mprB	syn	essential	yes
lineage4.6.1.2	1391868	1185	G/A	395	GAC/GAT	D/D	Rv1248c	.	syn	essential	yes
lineage4.6.1.2	1501468	543	G/C	181	CCG/CCC	P/P	Rv1332	.	syn	essential	yes
lineage4.6.1.2	1832350	1686	G/A	562	CAG/CAA	Q/Q	Rv1629	polA	syn	essential	yes
lineage4.6.1.2	3332626	129	C/T	43	CTG/CTA	L/L	Rv2976c	ung	syn	essential	yes
lineage4.6.1.2	3423426	2002	G/A	668	CTA/TTA	L/L	Rv3061c	fadE22	syn	essential	yes
lineage4.6.2	1886982	471	C/T	157	ATC/ATT	I/I	Rv1663	pks17	syn	essential	yes
lineage4.6.2	1939026	189	C/T	63	GTC/GTT	V/V	Rv1711	.	syn	essential	yes
lineage4.6.2	4125058	642	G/C	214	CGG/CGC	R/R	Rv3683	.	syn	essential	yes
lineage4.6.2	4260742	405	G/A	135	CCC/CCT	P/P	Rv3800c	pks13	syn	essential	yes
lineage4.6.2.1	324	324	C/G	108	GCC/GCG	A/A	Rv0001	dnaA	syn	essential	yes
lineage4.6.2.1	60473	78	G/A	26	CAG/CAA	Q/Q	Rv0058	dnaB	syn	essential	yes
lineage4.6.2.1	896119	300	C/T	100	TTC/TTT	F/F	Rv0803	purL	syn	essential	yes
lineage4.6.2.1	1245962	834	A/G	278	GGA/GGG	G/G	Rv1122	gnd2	syn	essential	yes
lineage4.6.2.1	1323466	1947	G/A	649	TTG/TTA	L/L	Rv1183	mmpL10	syn	essential	yes
lineage4.6.2.1	1335964	171	G/T	57	GCG/GCT	A/A	Rv1193	fadD36	syn	essential	yes
lineage4.6.2.1	1565230	138	C/G	46	CGC/CGG	R/R	Rv1390	rpoZ	syn	essential	yes
lineage4.6.2.1	1872460	1098	C/T	366	ACC/ACT	T/T	Rv1658	argG	syn	essential	yes
lineage4.6.2.1	2066765	309	G/A	103	CAG/CAA	Q/Q	Rv1821	secA2	syn	essential	yes
lineage4.6.2.1	2640144	921	C/T	307	CTG/CTA	L/L	Rv2357c	glyS	syn	essential	yes
lineage4.6.2.1	2864155	258	C/T	86	GAG/GAA	E/E	Rv2540c	aroF	syn	essential	yes
lineage4.6.2.1	2999648	321	G/A	107	GAC/GAT	D/D	Rv2682c	dxs1	syn	essential	yes
lineage4.6.2.1	3010332	309	C/T	103	AAC/AAT	N/N	Rv2692	ceoC	syn	essential	yes
lineage4.6.2.1	3570528	684	C/G	228	CGG/CGC	R/R	Rv3198c	uvrD2	syn	essential	yes
lineage4.6.2.1	4348079	1599	C/T	533	AAC/AAT	N/N	Rv3870	eccCa1	syn	essential	yes
lineage4.6.2.2	118469	756	G/A	252	GCG/GCA	A/A	Rv0102	.	syn	essential	yes
lineage4.6.2.2	142317	1560	C/T	520	GCG/GCA	A/A	Rv0118c	oxcA	syn	essential	yes
lineage4.6.2.2	540349	1143	C/T	381	GTG/GTA	V/V	Rv0450c	mmpL4	syn	essential	yes
lineage4.6.2.2	1352350	207	C/T	69	GTC/GTT	V/V	Rv1208	gpgS	syn	essential	yes
lineage4.6.2.2	1614697	369	C/T	123	TTC/TTT	F/F	Rv1437	pgk	syn	essential	yes
lineage4.6.2.2	2369118	612	G/A	204	GGC/GGT	G/G	Rv2109c	prcA	syn	essential	yes
lineage4.6.2.2	2875883	603	C/T	201	CTG/CTA	L/L	Rv2555c	alaS	syn	essential	yes
lineage4.6.2.2	3139540	945	G/T	315	CTC/CTA	L/L	Rv2833c	ugpB	syn	essential	yes
lineage4.6.2.2	3354625	445	G/A	149	CTG/TTG	L/L	Rv2996c	serA1	syn	essential	yes
lineage4.6.2.2	3357727	126	G/A	42	TCG/TCA	S/S	Rv2999	lppY	syn	essential	yes
lineage4.6.2.2	3360152	435	C/A	145	CCG/CCT	P/P	Rv3001c	ilvC	syn	essential	yes
lineage4.6.2.2	4004368	78	C/T	26	GAC/GAT	D/D	Rv3563	fadE32	syn	essential	yes
lineage4.6.2.2	4328004	456	G/A	152	GTG/GTA	V/V	Rv3855	ethR	syn	essential	yes
lineage4.7	4249732	3219	C/G	1073	GCC/GCG	A/A	Rv3795	embB	syn	essential	yes
lineage4.8	3836739	153	G/A	51	GAC/GAT	D/D	Rv3417c	groEL1	syn	essential	yes
lineage4.9	1759252	1572	G/T	524	TCG/TCT	S/S	Rv1552	frdA	syn	nonessential	yes
lineage5	46297	2736	T/C	912	TAT/TAC	Y/Y	Rv0041	leuS	syn	essential	yes
lineage5	344258	237	G/A	79	GTG/GTA	V/V	Rv0283	eccB3	syn	essential	yes
lineage5	345317	1296	G/C	432	GTG/GTC	V/V	Rv0283	eccB3	syn	essential	yes
lineage5	352646	498	G/A	166	CCG/CCA	P/P	Rv0289	espG3	syn	essential	yes
lineage5	379687	516	C/T	172	GTC/GTT	V/V	Rv0311	.	syn	essential	yes
lineage5	801959	498	C/T	166	CGC/CGT	R/R	Rv0702	rplD	syn	essential	yes
lineage5	910282	561	G/T	187	TCC/TCA	S/S	Rv0817c	.	syn	essential	yes
lineage5	1145442	879	C/G	293	GGC/GGG	G/G	Rv1023	eno	syn	essential	yes
lineage5	1505806	732	C/T	244	CCC/CCT	P/P	Rv1338	murI	syn	essential	yes
lineage5	1555432	1245	C/T	415	ACC/ACT	T/T	Rv1381	pyrC	syn	essential	yes
lineage5	1556030	60	C/T	20	GGC/GGT	G/G	Rv1383	carA	syn	essential	yes
lineage5	1658030	1068	C/T	356	ATC/ATT	I/I	Rv1469	ctpD	syn	essential	yes
lineage5	1799921	339	C/A	113	GGC/GGA	G/G	Rv1599	hisD	syn	essential	yes
lineage5	1909456	1863	C/T	621	GCC/GCT	A/A	Rv1683	.	syn	essential	yes
lineage5	2099631	1671	C/T	557	GGC/GGT	G/G	Rv1850	ureC	syn	essential	yes
lineage5	2304017	2970	C/T	990	CTG/CTA	L/L	Rv2048c	pks12	syn	essential	yes
lineage5	2489855	2499	C/T	833	ACG/ACA	T/T	Rv2221c	glnE	syn	essential	yes
lineage5	2645780	894	C/T	298	CTG/CTA	L/L	Rv2364c	era	syn	essential	yes
lineage5	2744225	760	A/G	254	TTG/CTG	L/L	Rv2444c	rne	syn	essential	yes
lineage5	2859147	144	C/T	48	AAG/AAA	K/K	Rv2534c	efp	syn	essential	yes
lineage5	3840932	489	G/A	163	AAC/AAT	N/N	Rv3423c	alr	syn	essential	yes
lineage5	4074437	804	G/C	268	CCG/CCC	P/P	Rv3635	.	syn	essential	yes
lineage5	4086604	654	G/A	218	TAC/TAT	Y/Y	Rv3646c	topA	syn	essential	yes
lineage5	4397763	1167	C/A	389	CCC/CCA	P/P	Rv3910	.	syn	essential	yes
lineage6	272306	534	C/A	178	GCG/GCT	A/A	Rv0227c	.	syn	essential	yes
lineage6	402881	282	G/A	94	GAC/GAT	D/D	Rv0337c	aspC	syn	essential	yes
lineage6	518166	231	G/T	77	CGC/CGA	R/R	Rv0429c	def	syn	essential	yes
lineage6	590622	540	C/G	180	GGC/GGG	G/G	Rv0500	proC	syn	essential	yes
lineage6	1150490	1197	C/G	399	TCG/TCC	S/S	Rv1028c	kdpD	syn	essential	yes
lineage6	1461251	207	G/T	69	GCG/GCT	A/A	Rv1305	atpE	syn	essential	yes
lineage6	1666671	468	G/A	156	GTG/GTA	V/V	Rv1476	.	syn	essential	yes
lineage6	1776663	1272	G/A	424	TCG/TCA	S/S	Rv1568	bioA	syn	essential	yes
lineage6	1805670	18	G/A	6	AAG/AAA	K/K	Rv1606	hisI	syn	essential	yes
lineage6	1816587	399	C/G	133	GTC/GTG	V/V	Rv1617	pykA	syn	essential	yes
lineage6	1875585	282	C/T	94	ACC/ACT	T/T	Rv1661	pks7	syn	essential	yes
lineage6	2817056	1419	C/T	473	GCG/GCA	A/A	Rv2502c	accD1	syn	essential	yes
lineage6	2844335	4998	C/A	1666	ACG/ACT	T/T	Rv2524c	fas	syn	essential	yes
lineage6	2939177	786	A/G	262	TAT/TAC	Y/Y	Rv2611c	.	syn	essential	yes
lineage6	3014016	132	C/T	44	CTG/CTA	L/L	Rv2697c	dut	syn	essential	yes
lineage6	3152837	114	C/G	38	GCG/GCC	A/A	Rv2845c	proS	syn	essential	yes
lineage6	3353082	387	G/C	129	ACC/ACG	T/T	Rv2995c	leuB	syn	essential	yes
lineage6	4272211	69	C/T	23	GTG/GTA	V/V	Rv3808c	glfT2	syn	essential	yes
lineage6	4346843	363	C/A	121	ACC/ACA	T/T	Rv3870	eccCa1	syn	essential	yes
lineage7	207592	141	G/A	47	ACG/ACA	T/T	Rv0176	.	syn	essential	yes
lineage7	349081	3447	G/A	1149	CTG/CTA	L/L	Rv0284	eccC3	syn	essential	yes
lineage7	379417	246	A/G	82	CTA/CTG	L/L	Rv0311	.	syn	essential	yes
lineage7	381053	498	C/T	166	TTC/TTT	F/F	Rv0312	.	syn	essential	yes
lineage7	497126	189	G/A	63	ACC/ACT	T/T	Rv0410c	pknG	syn	essential	yes
lineage7	540424	1068	G/T	356	GTC/GTA	V/V	Rv0450c	mmpL4	syn	essential	yes
lineage7	752014	498	C/T	166	GGC/GGT	G/G	Rv0655	mkl	syn	essential	yes
lineage7	811642	270	C/T	90	GAC/GAT	D/D	Rv0714	rplN	syn	essential	yes
lineage7	896431	612	G/A	204	CTG/CTA	L/L	Rv0803	purL	syn	essential	yes
lineage7	973932	363	G/C	121	CCC/CCG	P/P	Rv0875c	.	syn	essential	yes
lineage7	1125894	1110	A/C	370	CTT/CTG	L/L	Rv1007c	metS	syn	essential	yes
lineage7	1137518	543	G/A	181	AAC/AAT	N/N	Rv1018c	glmU	syn	essential	yes
lineage7	1143126	456	C/T	152	ATC/ATT	I/I	Rv1021	.	syn	essential	yes
lineage7	1237743	450	G/A	150	GCC/GCT	A/A	Rv1111c	.	syn	essential	yes
lineage7	1297084	933	G/A	311	CTG/CTA	L/L	Rv1166	lpqW	syn	essential	yes
lineage7	1329168	138	C/T	46	CTG/CTA	L/L	Rv1186c	.	syn	essential	yes
lineage7	1365895	21	G/A	7	ACG/ACA	T/T	Rv1223	htrA	syn	essential	yes
lineage7	1440409	1503	G/A	501	CTG/CTA	L/L	Rv1286	cysN	syn	essential	yes
lineage7	1463776	549	C/T	183	GTC/GTT	V/V	Rv1308	atpA	syn	essential	yes
lineage7	1513250	204	C/T	68	TTC/TTT	F/F	Rv1348	irtA	syn	essential	yes
lineage7	1595934	1893	G/C	631	ACG/ACC	T/T	Rv1420	uvrC	syn	essential	yes
lineage7	1613708	402	C/T	134	GAC/GAT	D/D	Rv1436	gap	syn	essential	yes
lineage7	1663221	2826	T/G	942	TCA/TCC	S/S	Rv1475c	acn	syn	essential	yes
lineage7	1791504	171	C/T	57	CCC/CCT	P/P	Rv1590	.	syn	essential	yes
lineage7	1791537	204	G/A	68	GGG/GGA	G/G	Rv1590	.	syn	essential	yes
lineage7	1799774	192	C/T	64	GCC/GCT	A/A	Rv1599	hisD	syn	essential	yes
lineage7	1867937	96	C/T	32	GTC/GTT	V/V	Rv1654	argB	syn	essential	yes
lineage7	1965815	159	C/T	53	AAC/AAT	N/N	Rv1738	.	syn	essential	yes
lineage7	2287790	57	A/C	19	ACT/ACG	T/T	Rv2041c	.	syn	essential	yes
lineage7	2303524	3463	G/T	1155	CGG/AGG	R/R	Rv2048c	pks12	syn	essential	yes
lineage7	2305184	1803	C/A	601	TCG/TCT	S/S	Rv2048c	pks12	syn	essential	yes
lineage7	2380244	417	G/A	139	GCC/GCT	A/A	Rv2121c	hisG	syn	essential	yes
lineage7	2414272	651	C/T	217	TCG/TCA	S/S	Rv2154c	ftsW	syn	essential	yes
lineage7	2414434	489	A/C	163	TCT/TCG	S/S	Rv2154c	ftsW	syn	essential	yes
lineage7	2512754	216	C/A	72	GGC/GGA	G/G	Rv2241	aceE	syn	essential	yes
lineage7	2549256	774	G/A	258	TTC/TTT	F/F	Rv2277c	.	syn	essential	yes
lineage7	2621157	1296	T/C	432	GCA/GCG	A/A	Rv2343c	dnaG	syn	essential	yes
lineage7	2759363	126	A/G	42	TGT/TGC	C/C	Rv2457c	clpX	syn	essential	yes
lineage7	2789841	1182	G/A	394	CGC/CGT	R/R	Rv2483c	plsC	syn	essential	yes
lineage7	2822737	300	G/A	100	CCG/CCA	P/P	Rv2507	.	syn	essential	yes
lineage7	2833478	36	A/G	12	GAT/GAC	D/D	Rv2516c	.	syn	essential	yes
lineage7	2842238	7095	C/A	2365	GCG/GCT	A/A	Rv2524c	fas	syn	essential	yes
lineage7	2871227	789	G/A	263	TGC/TGT	C/C	Rv2552c	aroE	syn	essential	yes
lineage7	2999030	939	G/A	313	GGC/GGT	G/G	Rv2682c	dxs1	syn	essential	yes
lineage7	3046916	96	A/C	32	GCA/GCC	A/A	Rv2734	.	syn	essential	yes
lineage7	3140047	438	G/A	146	TAC/TAT	Y/Y	Rv2833c	ugpB	syn	essential	yes
lineage7	3225566	720	C/T	240	GCG/GCA	A/A	Rv2916c	ffh	syn	essential	yes
lineage7	3287589	2520	C/T	840	GCC/GCT	A/A	Rv2942	mmpL7	syn	essential	yes
lineage7	3324231	246	G/C	82	TCC/TCG	S/S	Rv2969c	.	syn	essential	yes
lineage7	3360233	354	G/A	118	GCC/GCT	A/A	Rv3001c	ilvC	syn	essential	yes
lineage7	3470461	219	G/A	73	TGC/TGT	C/C	Rv3101c	ftsX	syn	essential	yes
lineage7	3473482	423	C/T	141	CGG/CGA	R/R	Rv3105c	prfB	syn	essential	yes
lineage7	3635935	333	C/G	111	CGG/CGC	R/R	Rv3255c	manA	syn	essential	yes
lineage7	3666497	141	C/T	47	GCC/GCT	A/A	Rv3285	accA3	syn	essential	yes
lineage7	3667883	1527	C/A	509	GTC/GTA	V/V	Rv3285	accA3	syn	essential	yes
lineage7	3817814	576	C/T	192	GCC/GCT	A/A	Rv3400	.	syn	essential	yes
lineage7	3860696	675	G/A	225	GAC/GAT	D/D	Rv3441c	mrsA	syn	essential	yes
lineage7	3878040	468	A/G	156	GGT/GGC	G/G	Rv3457c	rpoA	syn	essential	yes
lineage7	4022163	231	C/T	77	CTG/CTA	L/L	Rv3579c	.	syn	essential	yes
lineage7	4086748	510	C/G	170	CTG/CTC	L/L	Rv3646c	topA	syn	essential	yes
lineage7	4240153	291	G/A	97	TCG/TCA	S/S	Rv3793	embC	syn	essential	yes
lineage7	4262608	459	G/A	153	ATC/ATT	I/I	Rv3801c	fadD32	syn	essential	yes
lineage7	4308411	504	T/G	168	CTA/CTC	L/L	Rv3834c	serS	syn	essential	yes
lineage7	4331184	322	G/A	108	CTG/TTG	L/L	Rv3858c	gltD	syn	essential	yes
lineage7	4343706	393	C/T	131	TCC/TCT	S/S	Rv3868	eccA1	syn	essential	yes
lineage7	4354860	1851	A/G	617	CAA/CAG	Q/Q	Rv3876	espI	syn	essential	yes
lineage7	4355438	432	T/C	144	TTT/TTC	F/F	Rv3877	eccD1	syn	essential	yes
lineageBOV	1427476	63	C/T	21	TTC/TTT	F/F	Rv1278	.	syn	essential	yes
lineageBOV	2831482	1110	A/G	370	GGT/GGC	G/G	Rv2515c	.	syn	essential	yes
lineageBOV	3624593	318	C/T	106	GTG/GTA	V/V	Rv3244c	lpqB	syn	essential	yes
lineageBOV_AFRI	137185	897	G/A	299	CAG/CAA	Q/Q	Rv0112	gca	syn	essential	yes
lineageBOV_AFRI	273558	504	C/G	168	TCC/TCG	S/S	Rv0228	.	syn	essential	yes
lineageBOV_AFRI	560857	855	C/G	285	CTG/CTC	L/L	Rv0470c	pcaA	syn	essential	yes
lineageBOV_AFRI	1347173	1452	C/T	484	CTG/CTA	L/L	Rv1204c	.	syn	essential	yes
lineageBOV_AFRI	1390089	2964	C/T	988	GCG/GCA	A/A	Rv1248c	.	syn	essential	yes
lineageBOV_AFRI	1454811	1608	C/T	536	AAC/AAT	N/N	Rv1297	rho	syn	essential	yes
lineageBOV_AFRI	1882180	477	C/T	159	GCC/GCT	A/A	Rv1662	pks8	syn	essential	yes
lineageBOV_AFRI	1914570	969	A/C	323	GCA/GCC	A/A	Rv1689	tyrS	syn	essential	yes
lineageBOV_AFRI	2415351	1044	C/A	348	GTG/GTT	V/V	Rv2155c	murD	syn	essential	yes
lineageBOV_AFRI	3134839	645	G/A	215	CGC/CGT	R/R	Rv2827c	.	syn	essential	yes
lineageBOV_AFRI	3286107	1038	C/A	346	GTC/GTA	V/V	Rv2942	mmpL7	syn	essential	yes
lineageBOV_AFRI	4246864	351	C/T	117	GTC/GTT	V/V	Rv3795	embB	syn	essential	yes
lineageBOV_AFRI	4269351	483	G/A	161	GCC/GCT	A/A	Rv3806c	ubiA	syn	essential	yes
